{
  "summary" : "Published Date: 25 August 2019\nDeadline Date: 07 August 2019\n\n**No entries would be accepted after the deadline whatsoever be the case!**",
  "title" : "GLAU_2019_BCSC0002_Assignment 2",
  "authors" : [
    "DivyanshBhardwaj"
  ],
  "programming_language" : "JAVA",
  "language" : "en",
  "course_type" : "PyCharm",
  "items" : [
    {
      "title" : "section1",
      "task_list" : [
        {
          "name" : "question1",
          "files" : {
            "src/Task.java" : {
              "name" : "src/Task.java",
              "placeholders" : [
                {
                  "offset" : 137,
                  "length" : 1,
                  "possible_answer" : "a + b",
                  "placeholder_text" : "0"
                }
              ],
              "is_visible" : true,
              "text" : "public class Task {\n\n\tpublic int addTwoNumbers(int a, int b) {\n\t\t// TODO write your code here, and delete this line afterwards!\n\t\treturn 0;\n\t}\n}\n/*\n * WARNING: DO NOT ADD A MAIN METHOD TO THIS FILE OR ANYWHERE ELSE!\n * */"
            },
            "test/Tests.java" : {
              "name" : "test/Tests.java",
              "placeholders" : [ ],
              "is_visible" : false,
              "text" : "import org.junit.Assert;\nimport org.junit.Test;\n\npublic class Tests {\n\tprivate Task task = new Task();\n\t@Test\n\tpublic void testSolution() {\n\t\tAssert.assertEquals(9, task.addTwoNumbers(4, 5));\n\t}\n}"
            }
          },
          "description_text" : "# Task 1\n\n### Problem Statement\nCreate a method `addTwoNumbers()` that accepts two `int` values and returns their result.  \nThe signature of the method is already given to you, just change the \"logic\" inside the method.  \n**No need to add a main() method, just complete the method logic!**\n\n### Input Format\nThe method will accept two `int` numbers\n\n### Output Format\nThe method will return an `int` number that will the sum of the arguments.\n\n### Sample Input\n`4 5`\n\n### Sample Output\n`9`",
          "description_format" : "MD",
          "feedback_link" : {
            "link_type" : "STEPIK"
          },
          "task_type" : "edu"
        },
        {
          "name" : "question2",
          "files" : {
            "src/Task.java" : {
              "name" : "src/Task.java",
              "placeholders" : [
                {
                  "offset" : 84,
                  "length" : 3,
                  "possible_answer" : "2 * Math.PI * radius",
                  "placeholder_text" : "0.0"
                }
              ],
              "is_visible" : true,
              "text" : "public class Task {\n\tpublic double calculateCircumference(double radius) {\n\t\treturn 0.0;\n\t}\n}"
            },
            "test/Tests.java" : {
              "name" : "test/Tests.java",
              "placeholders" : [ ],
              "is_visible" : false,
              "text" : "import org.junit.Assert;\nimport org.junit.Test;\n\npublic class Tests {\n\tTask task = new Task();\n\t@Test\n\tpublic void testCircumference1() {\n\t\tAssert.assertEquals(18.84955592153876, task.calculateCircumference(3.0), 0.001);\n\t}\n\n\t@Test\n\tpublic void testCircumference2() {\n\t\tAssert.assertEquals(35.18583772020568, task.calculateCircumference(5.6), 0.001);\n\t}\n\n\t@Test\n\tpublic void testCircumference3() {\n\t\tAssert.assertEquals(31.41592653589793, task.calculateCircumference(5), 0.001);\n\t}\n}"
            }
          },
          "description_text" : "# Task 2\n\n## Problem Statement\nCreate a method in Java to calculate the circumference of a circle.  \nThe signature of the method is already given to you. \n<div class=\"hint\">Use Math.PI for the value of PI</div>\n\n### Input Format\nThe input for the method (argument) will contain a single `double` type value.\n\n### Output Format\nThe output (return value) for the method will be a single `double` type value.\n\n### Sample Input\n`5.0`\n\n### Sample Output\n`31.41592653589793`",
          "description_format" : "MD",
          "feedback_link" : {
            "link_type" : "STEPIK"
          },
          "task_type" : "edu"
        },
        {
          "name" : "question3",
          "files" : {
            "src/Task.java" : {
              "name" : "src/Task.java",
              "placeholders" : [
                {
                  "offset" : 112,
                  "length" : 3,
                  "possible_answer" : "numberOfSides * lengthOfOneSide * lengthOfOneSide / (4.0 * Math.tan(Math.PI / numberOfSides))",
                  "placeholder_text" : "0.0"
                }
              ],
              "is_visible" : true,
              "text" : "public class Task {\n\tpublic double calculateAreaOfPolygon(int numberOfSides, double lengthOfOneSide) {\n\t\treturn 0.0;\n\t}\n}"
            },
            "test/Tests.java" : {
              "name" : "test/Tests.java",
              "placeholders" : [ ],
              "is_visible" : false,
              "text" : "import org.junit.Assert;\nimport org.junit.Test;\n\npublic class Tests {\n\tTask task = new Task();\n\n\t@Test\n\tpublic void testWithSimpleValues() {\n\t\tAssert.assertEquals(64.9519052838329, task.calculateAreaOfPolygon(6, 5.0), 0.001);\n\t}\n\n\t@Test\n\tpublic void test2() {\n\t\tAssert.assertEquals(43.01193501472417, task.calculateAreaOfPolygon(5, 5), 0.001);\n\t}\n\n\t@Test\n\tpublic void test3() {\n\t\tAssert.assertEquals(4.5933635465734595, task.calculateAreaOfPolygon(3, 3.25698), 0.001);\n\t}\n}"
            }
          },
          "description_text" : "# Task 3\n\n## Problem Statement\nCreate a method named `calculateAreaOfPolygon()` in Java to calculate the area of a regular polygon.\n<div class=\"hint\">Use the following formula: <br> n * s * s / (4.0 * Math.tan(Math.PI / n))\n<br>\nWhere n is the number of sides and s is the side.\n</div>\n\n## Input Format\nThe input(arguments) to the method will be two values  \n1. An `int` type value, named `numberOfSides`\n2. A `double` type value, named `lengthOfOneSide`\n\n## Output Format\nThe output(return value) of the method will be a `double` type value.\n\n## Sample Input\n`6 5.0`\n\n## Sample Output\n`64.9519052838329`\n\n",
          "description_format" : "MD",
          "feedback_link" : {
            "link_type" : "STEPIK"
          },
          "task_type" : "edu"
        },
        {
          "name" : "question4",
          "files" : {
            "src/Task.java" : {
              "name" : "src/Task.java",
              "placeholders" : [ ],
              "is_visible" : true,
              "text" : "public class Task {\n\tpublic String convertIntegerToBinaryString(int decimalNumber) {\n\t\treturn \"\";\n\t}\n}"
            },
            "test/Tests.java" : {
              "name" : "test/Tests.java",
              "placeholders" : [ ],
              "is_visible" : false,
              "text" : "import org.junit.Assert;\nimport org.junit.Test;\n\npublic class Tests {\n  Task task = new Task();\n  @Test\n  public void checkFor22() {\n    Assert.assertEquals(\"10110\", task.convertIntegerToBinaryString(22));\n  }\n\n  @Test\n  public void checkFor45() {\n    Assert.assertEquals(\"101101\", task.convertIntegerToBinaryString(45));\n  }\n\n  @Test\n  public void checkFor0() {\n    Assert.assertEquals(\"0\", task.convertIntegerToBinaryString(0));\n  }\n\n  @Test\n  public void checkFor10() {\n    Assert.assertEquals(\"1010\", task.convertIntegerToBinaryString(10));\n  }\n}"
            }
          },
          "description_text" : "# Task 4\n## Problem Statement\nCreate a method in Java named `convertIntegerToBinaryString()` that will convert an integer value to a binary string.\n<div class=\"hint\">\n  There is already a method present for this in the Java Class Library! Search for it!!\n</div>\n\n## Input Format\nThe input(argument) for the method will be a single `int` type value.\n\n## Output Format\nThe output(return value) for the method will be a single `String` type value.\n\n## Sample Input\n10\n\n## Sample Output\n1010\n",
          "description_format" : "MD",
          "feedback_link" : {
            "link_type" : "STEPIK"
          },
          "task_type" : "edu"
        },
        {
          "name" : "question5",
          "files" : {
            "src/Task.java" : {
              "name" : "src/Task.java",
              "placeholders" : [ ],
              "is_visible" : true,
              "text" : "public class Task {\n\tpublic String convertIntegerToBinaryStringWithAddedBits(int decimalNumber) {\n\t\treturn \"\";\n\t}\n}"
            },
            "test/Tests.java" : {
              "name" : "test/Tests.java",
              "placeholders" : [ ],
              "is_visible" : false,
              "text" : "import org.junit.Assert;\nimport org.junit.Test;\n\npublic class Tests {\n\tTask task = new Task();\n\t@Test\n\tpublic void checkFor10() {\n\t\tAssert.assertEquals(\"00001010\", task.convertIntegerToBinaryStringWithAddedBits(10));\n\t}\n\n\t@Test\n\tpublic void checkFor127() {\n\t\tAssert.assertEquals(\"01111111\", task.convertIntegerToBinaryStringWithAddedBits(127));\n\t}\n\n\t@Test\n\tpublic void checkFor128() {\n\t\tAssert.assertEquals(\"10000000\", task.convertIntegerToBinaryStringWithAddedBits(128));\n\t}\n\n\t@Test\n\tpublic void checkFor0() {\n\t\tAssert.assertEquals(\"00000000\", task.convertIntegerToBinaryStringWithAddedBits(0));\n\t}\n}"
            }
          },
          "description_text" : "# Task 5\n\n## Problem Statement\nRe-create the method in Task 4 with a twist!  \nName the method `convertIntegerToBinaryStringWithAddedBits()`  \nAs usual, the method is created for you. You just have to implement it!    \nThe only difference is this time, all the binary numbers must be at least `8-bit` long.\n\n## Input Format\nThe input for the method is going to be a `int` type value in decimal number system\n\n## Output Format\nThe output for the method is going to be a `String` type value, at least `8-bit` long\n\n## Sample Input\n`10`\n\n## Sample Output\n`00001010`\n",
          "description_format" : "MD",
          "feedback_link" : {
            "link_type" : "STEPIK"
          },
          "task_type" : "edu"
        },
        {
          "name" : "question6",
          "files" : {
            "src/Task.java" : {
              "name" : "src/Task.java",
              "placeholders" : [ ],
              "is_visible" : true,
              "text" : "public class Task {\n\tpublic double calculateAreaOfTriangleWith3Sides(double side1, double side2, double side3) {\n\t\treturn 0.0;\n\t}\n}"
            },
            "test/Tests.java" : {
              "name" : "test/Tests.java",
              "placeholders" : [ ],
              "is_visible" : false,
              "text" : "import org.junit.Assert;\nimport org.junit.Test;\n\npublic class Tests {\n\tTask task = new Task();\n\t@Test\n\tpublic void testSolution() {\n\t\tAssert.assertEquals(3.897114317029974, task.calculateAreaOfTriangleWith3Sides(3.0, 3.0, 3.0), 0.001);\n\t}\n\n\t@Test\n\tpublic void testSolution2() {\n\t\tAssert.assertEquals(17.407231794573196, task.calculateAreaOfTriangleWith3Sides(5.5, 6.5, 7.5), 0.001);\n\t}\n\n\t@Test\n\tpublic void checkForZero() {\n\t\tAssert.assertEquals(0.0, task.calculateAreaOfTriangleWith3Sides(0, 0, 0), 0.001);\n\t}\n}"
            }
          },
          "description_text" : "# Task 6\n## Problem Statement\nCreate a method in Java named `calculateAreaOfTriangleWith3Sides()` that calculates the area of a triangle based on the\nlength of three sides.  \n\n<div class=\"hint\">\n  Use the Heron's Formula!\n</div>\n\n## Input Format\nThe input to the method are 3 `double` type values namely, `side1`, `side2` and `side3`.\n\n## Output Format\nThe output from the method is a single `double` type value.\n\n## Sample Input\n`3.0 3.0 3.0`\n\n## Sample Output\n`3.897114317029974`",
          "description_format" : "MD",
          "feedback_link" : {
            "link_type" : "STEPIK"
          },
          "task_type" : "edu"
        },
        {
          "name" : "question7",
          "files" : {
            "src/Task.java" : {
              "name" : "src/Task.java",
              "placeholders" : [ ],
              "is_visible" : true,
              "text" : "public class Task {\n\t// TODO write the method here and delete this line afterwards!\n}"
            },
            "test/Tests.java" : {
              "name" : "test/Tests.java",
              "placeholders" : [ ],
              "is_visible" : false,
              "text" : "import org.junit.Assert;\nimport org.junit.Test;\n\npublic class Tests {\n\tTask task = new Task();\n\t@Test\n\tpublic void testSolution() {\n\t\tAssert.assertEquals(131.0, task.evaluateExpression());\n\t}\n}"
            }
          },
          "description_text" : "# Task 7\n## Problem Statement\nCreate a method in Java to evaluate the expression given below  \n$$x = ( 4 * 10) + 5 * 3 * (4 + 2) + 10 % 3$$\nThe method signature is given below:  \nMethod name: `evaluateExpression()`  \nMethod parameter list: `void`  \nMethod return type: `double`  \nMethod access modifier: `public`  \n\n## Input Format\nThis method does not take any input.\n\n## Output Format\nThe output would be a single `int` type value that is the result of the expression.",
          "description_format" : "MD",
          "feedback_link" : {
            "link_type" : "STEPIK"
          },
          "task_type" : "edu"
        },
        {
          "name" : "question8",
          "files" : {
            "src/Task.java" : {
              "name" : "src/Task.java",
              "placeholders" : [ ],
              "is_visible" : true,
              "text" : "public class Task {\n\tpublic static void main(String[] args) {\n\t\tTask task = new Task();\n\t\tStringBuilder sb = new StringBuilder();\n\t\tString stringVal = task.booleanAnd(0, 0);\n\t\tint diff = 8 - stringVal.length();\n\t\tfor (int i = 0; i < diff; i++) {\n\t\t\tsb.append(\"0\");\n\t\t}\n\t\tsb.append(stringVal);\n\t\tSystem.out.println(sb.toString());\n\t}\n\n\tpublic String booleanAnd(int number1, int number2) {\n\t\treturn \"\";\n\t}\n\n}"
            },
            "test/Tests.java" : {
              "name" : "test/Tests.java",
              "placeholders" : [ ],
              "is_visible" : false,
              "text" : "import org.junit.Assert;\nimport org.junit.Test;\n\npublic class Tests {\n\tTask task = new Task();\n\n\t@Test\n\tpublic void checkFor4and5() {\n\t\tAssert.assertEquals(\"Input(4, 5)\", \"00000100\", task.booleanAnd(4, 5));\n\t}\n\n\t@Test\n\tpublic void checkFor2and2() {\n\t\tAssert.assertEquals(\"Input(2, 2)\", \"00000010\", task.booleanAnd(2, 2));\n\t}\n\n\t@Test\n\tpublic void checkFor0and0() {\n\t\tAssert.assertEquals(\"Input(2, 2)\", \"00000000\", task.booleanAnd(0, 0));\n\t}\n\n}"
            }
          },
          "description_text" : "# Task 8\n## Problem Statement\nCreate a method in Java named `booleanAnd()` that will take two `int` type values as argument and\ncalculate the result of the `boolean` operator `and (&)` on them.  \nThen, the method will convert the result into a binary `String`, if the number of digits in the binary `String` is less\nthan 8, fill it up with zeroes.\nMethod signature is given in the code. \n\n## Input Format\nThe arguments for the method are two `int` type numbers, `a` and `b`  \n\n## Output Format\nThe output for the method is a `String` type value\n\n## Sample Input \n`4 5`\n\n## Sample Output\n`00000100`",
          "description_format" : "MD",
          "feedback_link" : {
            "link_type" : "STEPIK"
          },
          "task_type" : "edu"
        },
        {
          "name" : "question9",
          "files" : {
            "src/Task.java" : {
              "name" : "src/Task.java",
              "placeholders" : [ ],
              "is_visible" : true,
              "text" : "public class Task {\n\t// TODO write your method here and delete this line afterwards!\n}"
            },
            "test/Tests.java" : {
              "name" : "test/Tests.java",
              "placeholders" : [ ],
              "is_visible" : false,
              "text" : "import org.junit.Assert;\nimport org.junit.Test;\n\npublic class Tests {\n\tTask task = new Task();\n\n\t@Test\n\tpublic void testSolution() {\n\t\tAssert.assertEquals(\"input 3 4 5\", 5.0, task.maximumOfThreeNumbers(3.0, 4.0, 5.0), 0.001);\n\t}\n\n\t@Test\n\tpublic void testSolution1() {\n\t\tAssert.assertEquals(\"input 5 4 3\", 5.0, task.maximumOfThreeNumbers(5.0, 4.0, 3.0), 0.001);\n\t}\n\n\t@Test\n\tpublic void testSolution2() {\n\t\tAssert.assertEquals(\"input 5 3 4\", 5.0, task.maximumOfThreeNumbers(5.0, 3.0, 4.0), 0.001);\n\t}\n\n\t@Test\n\tpublic void testSolution3() {\n\t\tAssert.assertEquals(\"input 3 3 3\", 3.0, task.maximumOfThreeNumbers(3.0, 3.0, 3.0), 0.001);\n\t}\n\n\n}"
            }
          },
          "description_text" : "# Task 9\n## Problem Statement\nCreate a method in Java named `maximumOfThreeNumbers()` that will accept three `double` type values and find the\nmaximum of the three numbers.\n\n<div class=\"hint\">\n  You can use Math.max() method for this!\n</div>\n\n## Input Format\nThe method will accept three `double` type numbers.\n\n## Output Format\nThe method will return the largest of the three numbers\n\n## Sample Input\n`3.0 4.0 5.0`\n\n## Sample Output\n`5.0`",
          "description_format" : "MD",
          "feedback_link" : {
            "link_type" : "STEPIK"
          },
          "task_type" : "edu"
        },
        {
          "name" : "question10",
          "files" : {
            "src/Task.java" : {
              "name" : "src/Task.java",
              "placeholders" : [ ],
              "is_visible" : true,
              "text" : "public class Task {\n\tpublic char asciiToChar(int ascii) {\n\t\treturn (char) 0;\n\t}\n}"
            },
            "test/Tests.java" : {
              "name" : "test/Tests.java",
              "placeholders" : [ ],
              "is_visible" : false,
              "text" : "import org.junit.Assert;\nimport org.junit.Test;\n\npublic class Tests {\n\tTask task = new Task();\n\n\t@Test\n\tpublic void testForLowercaseA() {\n\t\tAssert.assertEquals('a', task.asciiToChar(97));\n\t}\n\n\t@Test\n\tpublic void testForSpace() {\n\t\tAssert.assertEquals(' ', task.asciiToChar(32));\n\t}\n\n\t@Test\n\tpublic void testForNull() {\n\t\tAssert.assertEquals('\\0', task.asciiToChar(0));\n\t}\n\n\t@Test\n\tpublic void testForNumber4() {\n\t\tAssert.assertEquals('4', task.asciiToChar(52));\n\t}\n}"
            }
          },
          "description_text" : "# Task 10\n## Problem Statement\nCreate a method in Java named `asciiToChar()` that converts an ASCII code to a character.\n\n<div class=\"hint\">\n  You can read more about ASCII codes <a href=\"http://www.asciitable.com\">here</a>\n</div>\n\n## Input Format\nThe method takes in an `int` value that corresponds to an ASCII value\n\n## Output Format\nThe method returns the `char` type value of the ASCII value entered\n\n## Sample Input\n`97`\n\n## Sample Output \n`a`",
          "description_format" : "MD",
          "feedback_link" : {
            "link_type" : "STEPIK"
          },
          "task_type" : "edu"
        }
      ],
      "type" : "lesson"
    }
  ],
  "additional_files" : [
    {
      "name" : "build.gradle",
      "placeholders" : [ ],
      "is_visible" : true,
      "text" : "buildscript {\n    repositories {\n        mavenCentral()\n    }\n}\n\ndef printOutput(def output) {\n    return tasks.create(\"printOutput\") {\n        for (line in output.toString().readLines()) {\n            println \"#educational_plugin\" + line\n        }\n    }\n}\n\nsubprojects {\n    apply plugin: 'application'\n    apply plugin: 'java'\n\n    sourceCompatibility = 1.8\n\n    repositories {\n        mavenCentral()\n    }\n\n    dependencies {\n        testCompile group: 'junit', name: 'junit', version: '4.12'\n    }\n\n    sourceSets {\n        main {\n            java.srcDir 'src'\n        }\n        test {\n            java.srcDir 'test'\n        }\n    }\n\n    mainClassName = project.hasProperty(\"mainClass\") ? project.getProperty(\"mainClass\") : \"\"\n\n    def runOutput = new ByteArrayOutputStream()\n    tasks.run.setStandardOutput(runOutput)\n    tasks.run.doLast { printOutput(runOutput) }\n}\n\nproject(':util') {\n    dependencies {\n        compile group: 'junit', name: 'junit', version: '4.12'\n    }\n}\n\nconfigure(subprojects.findAll {it.name != 'util'}) {\n  dependencies {\n    compile project(':util').sourceSets.main.output\n    testCompile project(':util').sourceSets.test.output\n  }\n}\n"
    }
  ],
  "version" : 11
}